n,m,B,dual,c_forward,c_backward,structured,r1,mean1,sd1,r3,mean3,sd3
4,5,8,1,0|0|0|0|0,0|2|2|2|2,1,15,3.937670,0.001111,15,3.937481,0.000938
4,5,8,1,0|0|0|0|0,0|1|2|2|3,1,15,3.945727,0.001105,15,3.945418,0.001790
4,5,8,1,0|0|0|0|0,0|1|1|3|3,1,15,3.947735,0.001159,15,3.947373,0.001800
4,5,8,1,0|0|0|0|0,0|0|2|3|3,1,15,3.944529,0.001038,15,3.944751,0.001041
4,5,8,1,0|0|0|0|0,0|1|1|2|4,1,15,3.947810,0.001028,15,3.947253,0.001133
4,5,8,1,0|0|0|0|0,0|0|2|2|4,1,15,3.945272,0.001284,15,3.944910,0.001148
4,5,8,1,0|0|0|0|0,0|0|1|3|4,1,15,3.947205,0.001457,15,3.946912,0.001015
4,5,8,1,0|0|0|0|0,0|0|0|4|4,1,15,3.932115,0.001347,15,3.932059,0.000980
4,5,8,1,0|0|0|0|0,0|1|1|1|5,1,15,3.943805,0.001367,15,3.943984,0.001390
4,5,8,1,0|0|0|0|0,0|0|1|2|5,1,15,3.946526,0.001061,15,3.946853,0.001472
4,5,8,1,0|0|0|0|0,0|0|0|3|5,1,15,3.935407,0.001184,15,3.934974,0.001551
4,5,8,1,0|0|0|0|0,0|0|1|1|6,1,15,3.942814,0.001856,15,3.942243,0.001478
4,5,8,1,0|0|0|0|0,0|0|0|2|6,1,15,3.936236,0.000904,15,3.936135,0.001576
4,5,8,1,0|0|0|0|0,0|0|0|1|7,1,15,3.930950,0.001416,15,3.930781,0.001148
4,5,8,1,0|0|0|0|0,0|0|0|0|8,1,15,3.883295,0.000992,15,3.883057,0.001049
