name,description,budget,throughput,halfwidth,diff_from_base,diff_halfwidth
base,"symmetric (0,1,2,7) on every belt",40,3.840398759,0.000188156,0.0,0.0
move_1to2,feeder 4: one unit from belt 1 to belt 2,40,3.83976518,0.000194169,-0.0006335790000000507,0.00026871784189962605
move_1to3,feeder 4: one unit from belt 1 to belt 3,40,3.839858353,0.000174712,-0.0005404060000002708,0.00025519262853627756
move_1to4,feeder 4: one unit from belt 1 to belt 4,40,3.840013729,0.000182161,-0.0003850300000003415,0.0002602796867032007
move_2to1,feeder 4: one unit from belt 2 to belt 1,40,3.839690105,0.000198303,-0.0007086540000003083,0.0002716862877639467
move_2to3,feeder 4: one unit from belt 2 to belt 3,40,3.839883842,0.000183328,-0.0005149170000002812,0.00026108739126119593
move_2to4,feeder 4: one unit from belt 2 to belt 4,40,3.840229692,0.00019745,-0.00016906700000030028,0.0002710706772915542
move_3to1,feeder 4: one unit from belt 3 to belt 1,40,3.839874376,0.000187254,-0.0005243830000001282,0.00026382354296219734
move_3to2,feeder 4: one unit from belt 3 to belt 2,40,3.839874226,0.000194296,-0.0005245330000001047,0.00026880842677447307
move_3to4,feeder 4: one unit from belt 3 to belt 4,40,3.840330444,0.000189007,-6.831500000004098e-05,0.000265055643576522
move_4to1,feeder 4: one unit from belt 4 to belt 1,40,3.839449744,0.000180597,-0.0009490150000002195,0.0002592019088193348
move_4to2,feeder 4: one unit from belt 4 to belt 2,40,3.839520662,0.000185404,-0.0008780970000001886,0.00026253064666672583
move_4to3,feeder 4: one unit from belt 4 to belt 3,40,3.839322045,0.000178673,-0.0010767140000003117,0.0002578833545492608
tilt_to_belt4,tilt toward belt 4 across feeders 2 to 4,40,3.819969782,0.0002243,-0.020428977000000348,0.0002910226519753325
tilt_to_belt1,tilt toward belt 1 across feeders 2 to 4,40,3.820236707,0.000163086,-0.02016205200000032,0.0002474976747501851
plus1_f4,"one extra unit at feeder 4, belt 4",41,3.842600421,0.000180741,0.0022016620000000486,0.00025930080140372806
plus1_f3,"one extra unit at feeder 3, belt 4",41,3.841024632,0.000178548,0.0006258729999997215,0.00025779741149008044
plus1_f2,"one extra unit at feeder 2, belt 4",41,3.840597316,0.000164993,0.00019855700000004362,0.00024873840131771704
