B,alloc,th_uniform,th_order,th_shuffled_mean,th_shuffled_sd,th_shuffled_min,th_shuffled_max,shuffles,shuffles_at_or_below_order,order_minus_shuffled,shuffled_minus_uniform
0,"0,0,0,0",3.02820594,3.028093409,3.0283622497666665,0.0006906277808563376,3.026529348,3.029611955,30,11,-0.000268840766666667,0.0001563097666665847
1,"0,0,0,1",3.384282381,3.383531855,3.3843575145666667,0.0012395902682216082,3.382229975,3.387653358,30,8,-0.0008256595666664701,7.513356666688509e-05
2,"0,0,1,1",3.545733283,3.545161805,3.5458480175333333,0.0015915768326189145,3.542700902,3.549921404,30,9,-0.0006862125333331193,0.00011473453333321615
3,"0,0,1,2",3.651940927,3.650668271,3.6518431454,0.0022398403779923326,3.646973509,3.656828371,30,9,-0.001174874400000192,-9.778160000006864e-05
4,"0,0,1,3",3.704549549,3.703116591,3.7045404027,0.0028059110004836412,3.698685163,3.710510802,30,9,-0.001423811700000055,-9.146300000040242e-06
5,"0,1,1,3",3.749571905,3.747942281,3.7496106683666666,0.003309612742968191,3.742986742,3.756132632,30,10,-0.001668387366666746,3.876336666674973e-05
6,"0,1,1,4",3.779805063,3.777929123,3.779998081,0.0039490974521159345,3.772549223,3.787216341,30,10,-0.002068958000000176,0.00019301800000004476
7,"0,1,1,5",3.7993299,3.796806566,3.7993043441666665,0.004487651567733861,3.791202882,3.80706812,30,10,-0.002497778166666631,-2.5555833333523736e-05
8,"0,1,2,5",3.817727719,3.814823584,3.818283273966667,0.004781141684789831,3.810142707,3.82622396,30,9,-0.00345968996666679,0.0005555549666667048
9,"0,1,2,6",3.830719624,3.827381604,3.831447059233333,0.005227706686860023,3.822417243,3.840032907,30,8,-0.004065455233333015,0.0007274352333332956
10,"0,1,2,7",3.840191479,3.836306566,3.8411742614666666,0.0055598533389393,3.831428246,3.850056717,30,7,-0.004867695466666433,0.0009827824666666096
