panel,n,m,throughput,halfwidth,sd,gain_percent,replications,steps,warmup,seed,dual,loops
table1a_single_exact,3,3,2.047619048,,,,,,,,,
table1a_single_exact,3,4,2.270072993,,,,,,,,,
table1a_single_exact,3,5,2.410187668,,,,,,,,,
table1a_single_exact,3,6,2.505858071,,,,,,,,,
table1a_single_exact,3,7,2.575098500,,,,,,,,,
table1a_single_exact,3,8,2.627448312,,,,,,,,,
table1a_single_exact,3,9,2.668380318,,,,,,,,,
table1a_single_exact,4,3,2.269230769,,,,,,,,,
table1a_single_exact,4,4,2.620967742,,,,,,,,,
table1a_single_exact,4,5,2.863337459,,,,,,,,,
table1a_single_exact,4,6,3.037008573,,,,,,,,,
table1a_single_exact,4,7,3.166256278,,,,,,,,,
table1a_single_exact,4,8,3.265698365,,,,,,,,,
table1a_single_exact,4,9,3.344361183,,,,,,,,,
table1a_single_exact,5,3,2.409523810,,,,,,,,,
table1a_single_exact,5,4,2.862953754,,,,,,,,,
table1a_single_exact,5,5,3.199587403,,,,,,,,,
table1a_single_exact,5,6,3.453308582,,,,,,,,,
table1a_single_exact,5,7,3.648633750,,,,,,,,,
table1a_single_exact,5,8,3.802398331,,,,,,,,,
table1a_single_exact,5,9,3.925990505,,,,,,,,,
table1a_single_exact,6,3,2.505376344,,,,,,,,,
table1a_single_exact,6,4,3.036474164,,,,,,,,,
table1a_single_exact,6,5,3.452995621,,,,,,,,,
table1a_single_exact,6,6,3.780897401,,,,,,,,,
table1a_single_exact,6,7,4.041756829,,,,,,,,,
table1a_single_exact,6,8,4.252146129,,,,,,,,,
table1a_single_exact,6,9,4.424309380,,,,,,,,,
table1a_single_exact,7,3,2.574750831,,,,,,,,,
table1a_single_exact,7,4,3.165729221,,,,,,,,,
table1a_single_exact,7,5,3.648168034,,,,,,,,,
table1a_single_exact,7,6,4.041511282,,,,,,,,,
table1a_single_exact,7,7,4.363593721,,,,,,,,,
table1a_single_exact,7,8,4.629388447,,,,,,,,,
table1a_single_exact,7,9,4.850838231,,,,,,,,,
table1a_single_exact,8,3,2.627192982,,,,,,,,,
table1a_single_exact,8,4,3.265230654,,,,,,,,,
table1a_single_exact,8,5,3.801886269,,,,,,,,,
table1a_single_exact,8,6,4.251750303,,,,,,,,,
table1a_single_exact,8,7,4.629186925,,,,,,,,,
table1a_single_exact,8,8,4.947119140,,,,,,,,,
table1a_single_exact,8,9,5.216529824,,,,,,,,,
table1a_single_exact,9,3,2.668188737,,,,,,,,,
table1a_single_exact,9,4,3.343962441,,,,,,,,,
table1a_single_exact,9,5,3.925489030,,,,,,,,,
table1a_single_exact,9,6,4.423840087,,,,,,,,,
table1a_single_exact,9,7,4.850497251,,,,,,,,,
table1a_single_exact,9,8,5.216359126,,,,,,,,,
table1a_single_exact,9,9,5.531179194,,,,,,,,,
table1b_dual_identical,3,3,2.303255388,0.000172251,0.000461304,,30,1330000,20000,20260901,true,"84 84 84"
table1b_dual_identical,3,4,2.562725188,0.000198190,0.000530770,,30,1330000,20000,20260901,true,"84 84 84 84"
table1b_dual_identical,3,5,2.699308120,0.000231181,0.000619124,,30,1330000,20000,20260901,true,"84 84 84 84 84"
table1b_dual_identical,3,6,2.777693058,0.000239965,0.000642649,,30,1330000,20000,20260901,true,"84 84 84 84 84 84"
table1b_dual_identical,3,7,2.826894261,0.000285490,0.000764566,,30,1330000,20000,20260901,true,"84 84 84 84 84 84 84"
table1b_dual_identical,3,8,2.859997193,0.000311436,0.000834052,,30,1330000,20000,20260901,true,"84 84 84 84 84 84 84 84"
table1b_dual_identical,3,9,2.883500301,0.000305193,0.000817335,,30,1330000,20000,20260901,true,"84 84 84 84 84 84 84 84 84"
table1b_dual_identical,4,3,2.569212832,0.000172452,0.000461843,,30,1330000,20000,20260901,true,"104 104 104"
table1b_dual_identical,4,4,3.028205940,0.000245303,0.000656944,,30,1330000,20000,20260901,true,"104 104 104 104"
table1b_dual_identical,4,5,3.316889900,0.000310824,0.000832415,,30,1330000,20000,20260901,true,"104 104 104 104 104"
table1b_dual_identical,4,6,3.497609198,0.000281893,0.000754933,,30,1330000,20000,20260901,true,"104 104 104 104 104 104"
table1b_dual_identical,4,7,3.614420175,0.000311436,0.000834054,,30,1330000,20000,20260901,true,"104 104 104 104 104 104 104"
table1b_dual_identical,4,8,3.693522105,0.000340950,0.000913095,,30,1330000,20000,20260901,true,"104 104 104 104 104 104 104 104"
table1b_dual_identical,4,9,3.749227569,0.000351094,0.000940261,,30,1330000,20000,20260901,true,"104 104 104 104 104 104 104 104 104"
table1b_dual_identical,5,3,2.704275038,0.000144768,0.000387703,,30,1330000,20000,20260901,true,"124 124 124"
table1b_dual_identical,5,4,3.300641328,0.000271098,0.000726024,,30,1330000,20000,20260901,true,"124 124 124 124"
table1b_dual_identical,5,5,3.728313233,0.000322956,0.000864905,,30,1330000,20000,20260901,true,"124 124 124 124 124"
table1b_dual_identical,5,6,4.025611805,0.000335473,0.000898427,,30,1330000,20000,20260901,true,"124 124 124 124 124 124"
table1b_dual_identical,5,7,4.232353133,0.000383612,0.001027347,,30,1330000,20000,20260901,true,"124 124 124 124 124 124 124"
table1b_dual_identical,5,8,4.378840551,0.000347794,0.000931423,,30,1330000,20000,20260901,true,"124 124 124 124 124 124 124 124"
table1b_dual_identical,5,9,4.485573308,0.000326098,0.000873318,,30,1330000,20000,20260901,true,"124 124 124 124 124 124 124 124 124"
table1b_dual_identical,6,3,2.790307343,0.000133307,0.000357008,,30,1330000,20000,20260901,true,"144 144 144"
table1b_dual_identical,6,4,3.491421604,0.000211137,0.000565444,,30,1330000,20000,20260901,true,"144 144 144 144"
table1b_dual_identical,6,5,4.044233058,0.000276716,0.000741069,,30,1330000,20000,20260901,true,"144 144 144 144 144"
table1b_dual_identical,6,6,4.463273734,0.000348103,0.000932250,,30,1330000,20000,20260901,true,"144 144 144 144 144 144"
table1b_dual_identical,6,7,4.774653158,0.000399823,0.001070760,,30,1330000,20000,20260901,true,"144 144 144 144 144 144 144"
table1b_dual_identical,6,8,5.005343734,0.000390158,0.001044879,,30,1330000,20000,20260901,true,"144 144 144 144 144 144 144 144"
table1b_dual_identical,6,9,5.177925589,0.000416623,0.001115752,,30,1330000,20000,20260901,true,"144 144 144 144 144 144 144 144 144"
table1b_dual_identical,7,3,2.840460752,0.000095739,0.000256397,,30,1330000,20000,20260901,true,"164 164 164"
table1b_dual_identical,7,4,3.605808095,0.000163424,0.000437663,,30,1330000,20000,20260901,true,"164 164 164 164"
table1b_dual_identical,7,5,4.243674612,0.000218091,0.000584067,,30,1330000,20000,20260901,true,"164 164 164 164 164"
table1b_dual_identical,7,6,4.756553459,0.000333319,0.000892658,,30,1330000,20000,20260901,true,"164 164 164 164 164 164"
table1b_dual_identical,7,7,5.159261654,0.000316006,0.000846291,,30,1330000,20000,20260901,true,"164 164 164 164 164 164 164"
table1b_dual_identical,7,8,5.472058772,0.000331503,0.000887793,,30,1330000,20000,20260901,true,"164 164 164 164 164 164 164 164"
table1b_dual_identical,7,9,5.714994135,0.000337143,0.000902899,,30,1330000,20000,20260901,true,"164 164 164 164 164 164 164 164 164"
table1b_dual_identical,8,3,2.876892030,0.000102359,0.000274127,,30,1330000,20000,20260901,true,"184 184 184"
table1b_dual_identical,8,4,3.693086291,0.000111413,0.000298373,,30,1330000,20000,20260901,true,"184 184 184 184"
table1b_dual_identical,8,5,4.403573484,0.000173924,0.000465783,,30,1330000,20000,20260901,true,"184 184 184 184 184"
table1b_dual_identical,8,6,5.003346090,0.000226307,0.000606071,,30,1330000,20000,20260901,true,"184 184 184 184 184 184"
table1b_dual_identical,8,7,5.497362231,0.000235881,0.000631710,,30,1330000,20000,20260901,true,"184 184 184 184 184 184 184"
table1b_dual_identical,8,8,5.897826817,0.000268220,0.000718317,,30,1330000,20000,20260901,true,"184 184 184 184 184 184 184 184"
table1b_dual_identical,8,9,6.219695263,0.000299893,0.000803140,,30,1330000,20000,20260901,true,"184 184 184 184 184 184 184 184 184"
table1b_dual_identical,9,3,2.900504987,0.000090037,0.000241127,,30,1330000,20000,20260901,true,"204 204 204"
table1b_dual_identical,9,4,3.749603985,0.000170637,0.000456981,,30,1330000,20000,20260901,true,"204 204 204 204"
table1b_dual_identical,9,5,4.508343133,0.000241930,0.000647910,,30,1330000,20000,20260901,true,"204 204 204 204 204"
table1b_dual_identical,9,6,5.168832180,0.000295338,0.000790941,,30,1330000,20000,20260901,true,"204 204 204 204 204 204"
table1b_dual_identical,9,7,5.731281128,0.000338216,0.000905772,,30,1330000,20000,20260901,true,"204 204 204 204 204 204 204"
table1b_dual_identical,9,8,6.202206992,0.000354012,0.000948075,,30,1330000,20000,20260901,true,"204 204 204 204 204 204 204 204"
table1b_dual_identical,9,9,6.592214110,0.000434628,0.001163972,,30,1330000,20000,20260901,true,"204 204 204 204 204 204 204 204 204"
