timestamp,elapsed_sec,m,n,B,bidirectional,K,s_size,s_mean,s_CI_halfwidth_onesided,s_CI_halfwidth_twosided,s_buffers,c_size,c_mean,c_CI_halfwidth_onesided,c_CI_halfwidth_twosided,c_buffers,m_S_star_blocks,m_worst_C_blocks,epsilon_hat,certified
2026-09-01T16:48:57,70.6407,3,4,10,0,11,6,0.7496953946,4.089152342e-06,4.52767987e-06,"forward=[0,3,7] | backward=[0,0,0]",5,0.7472588,8.437903394e-05,9.342798248e-05,"forward=[0,6,4] | backward=[0,0,0]",249998,5000,0,1
2026-09-01T16:51:10,203.224,3,4,10,1,286,6,0.7499214314,2.278461073e-06,2.522807044e-06,"forward=[0,0,0] | backward=[0,3,7]",280,0.7499357114,1.291329729e-05,1.429814086e-05,"forward=[0,0,1] | backward=[0,3,6]",249969,5000,3.652750393e-05,1
2026-09-01T16:49:40,26.0505,3,4,1,0,2,1,0.663297918,3.783516005e-05,4.189266581e-05,"forward=[0,0,1] | backward=[0,0,0]",1,0.6193224645,0.0002659666733,0.0002944893836,"forward=[0,1,0] | backward=[0,0,0]",249999,5000,0,1
2026-09-01T16:49:58,42.4584,3,4,1,1,4,1,0.708248283,2.79245996e-05,3.091928031e-05,"forward=[0,0,0] | backward=[0,0,1]",3,0.7015708283,0.0002140331043,0.0002369863719,"forward=[0,0,1] | backward=[0,0,0]",249998,5000,0,1
2026-09-01T16:49:24,35.3014,3,4,2,0,3,2,0.7060411888,3.357515971e-05,3.717581592e-05,"forward=[0,1,1] | backward=[0,0,0]",1,0.6244471789,0.0002522969178,0.0002793536607,"forward=[0,2,0] | backward=[0,0,0]",249998,5000,0,1
2026-09-01T16:49:56,58.1433,3,4,2,1,10,2,0.7300073603,2.292661207e-05,2.538530025e-05,"forward=[0,0,0] | backward=[0,1,1]",8,0.71812,0.0001752716756,0.0001940681029,"forward=[0,0,1] | backward=[0,0,1]",249993,5000,0,1
2026-09-01T16:49:16,35.5372,3,4,3,0,4,2,0.7302776393,2.595350617e-05,2.873680352e-05,"forward=[0,1,2] | backward=[0,0,0]",2,0.7100720288,0.0002246925635,0.0002487889694,"forward=[0,2,1] | backward=[0,0,0]",249998,5000,0,1
2026-09-01T16:49:50,61.4413,3,4,3,1,20,2,0.7430296126,1.65109752e-05,1.828163976e-05,"forward=[0,0,0] | backward=[0,1,2]",18,0.7210964,0.0001622889812,0.0001796931227,"forward=[0,0,1] | backward=[0,0,2]",249999,5000,0,1
2026-09-01T16:49:15,44.0322,3,4,4,0,5,3,0.7386717014,1.985284777e-05,2.198190033e-05,"forward=[0,1,3] | backward=[0,0,0]",2,0.7106470588,0.0002189758834,0.0002424592229,"forward=[0,3,1] | backward=[0,0,0]",249999,5000,0,1
2026-09-01T16:49:59,79.7373,3,4,4,1,35,3,0.7466466687,1.197378219e-05,1.32578706e-05,"forward=[0,0,0] | backward=[0,1,3]",32,0.7217891578,0.0001574801778,0.0001743686151,"forward=[0,0,1] | backward=[0,0,3]",249997,5000,0,1
2026-09-01T16:48:31,44.0514,3,4,5,0,6,3,0.7432257116,1.764746889e-05,1.954001294e-05,"forward=[0,2,3] | backward=[0,0,0]",3,0.7347882,0.0001689774828,0.0001870989103,"forward=[0,3,2] | backward=[0,0,0]",250000,5000,0,1
2026-09-01T16:49:13,86.6268,3,4,5,1,56,3,0.7478543884,9.111181193e-06,1.008827948e-05,"forward=[0,0,0] | backward=[0,1,4]",53,0.7478513108,6.503108108e-05,7.200512285e-05,"forward=[0,0,1] | backward=[0,1,3]",249991,5000,8.369102891e-05,1
2026-09-01T16:48:39,52.713,3,4,6,0,7,4,0.7467555521,1.262311527e-05,1.397683923e-05,"forward=[0,2,4] | backward=[0,0,0]",3,0.7348322,0.0001683005434,0.0001863493748,"forward=[0,4,2] | backward=[0,0,0]",249997,5000,0,1
2026-09-01T16:49:36,109.432,3,4,6,1,84,4,0.7490559616,7.504601353e-06,8.309407339e-06,"forward=[0,0,0] | backward=[0,2,4]",80,0.7490314,5.174028526e-05,5.728899988e-05,"forward=[0,0,1] | backward=[0,2,3]",249999,5000,3.700681086e-05,1
2026-09-01T16:48:40,53.0459,3,4,7,0,8,4,0.7482127457,9.22911234e-06,1.021885776e-05,"forward=[0,2,5] | backward=[0,0,0]",4,0.7436394,0.0001237555743,0.0001370273288,"forward=[0,4,3] | backward=[0,0,0]",250000,5000,0,1
2026-09-01T16:49:48,121.269,3,4,7,1,120,4,0.7495542226,5.187946411e-06,5.74431045e-06,"forward=[0,0,0] | backward=[0,2,5]",116,0.7495385231,3.706044878e-05,4.103487321e-05,"forward=[0,0,1] | backward=[0,2,4]",249997,5000,2.898034341e-05,1
2026-09-01T16:48:48,61.6087,3,4,8,0,9,5,0.7488352687,7.017110869e-06,7.76963756e-06,"forward=[0,2,6] | backward=[0,0,0]",4,0.743646,0.0001238120566,0.0001370898684,"forward=[0,5,3] | backward=[0,0,0]",249998,5000,0,1
2026-09-01T16:50:16,149.394,3,4,8,1,165,5,0.749761018,3.664934992e-06,4.057968743e-06,"forward=[0,0,0] | backward=[0,2,6]",160,0.7497602,2.519367604e-05,2.789548795e-05,"forward=[0,0,1] | backward=[0,2,5]",249986,5000,3.286494385e-05,1
2026-09-01T16:48:48,61.8544,3,4,9,0,10,5,0.7494057235,5.832813425e-06,6.45833408e-06,"forward=[0,3,6] | backward=[0,0,0]",5,0.7472588,8.440982067e-05,9.346207084e-05,"forward=[0,5,4] | backward=[0,0,0]",249997,5000,0,1
2026-09-01T16:50:35,168.149,3,4,9,1,220,5,0.7498535136,2.647561539e-06,2.931490461e-06,"forward=[0,0,0] | backward=[0,2,7]",215,0.7498558504,1.810159912e-05,2.004284485e-05,"forward=[0,0,1] | backward=[0,2,6]",249998,5000,2.751346748e-05,1
2026-09-01T16:52:45,208.782,4,4,10,0,66,14,0.9367141274,8.591447668e-05,9.512808867e-05,"forward=[0,1,2,7] | backward=[0,0,0,0]",52,0.9012949539,0.0004338763016,0.000480405921,"forward=[0,0,6,4] | backward=[0,0,0,0]",249998,5000,0,1
2026-09-01T17:17:15,1670.08,4,4,10,1,3003,14,0.9420778016,9.396247934e-05,0.0001040391726,"forward=[0,0,0,0] | backward=[0,1,2,7]",2989,0.942235247,0.0006238399064,0.00069074154,"forward=[0,0,0,4] | backward=[0,1,2,3]",249997,5000,0.0008368032047,1
2026-09-01T16:53:45,36.5483,4,4,1,0,3,1,0.7683041544,5.393838912e-05,5.972283207e-05,"forward=[0,0,0,1] | backward=[0,0,0,0]",2,0.7415333067,0.0003366630683,0.0003727673781,"forward=[0,0,1,0] | backward=[0,0,0,0]",249999,5000,0,1
2026-09-01T16:54:12,60.1714,4,4,1,1,6,1,0.8438369294,4.834099801e-05,5.352516738e-05,"forward=[0,0,0,0] | backward=[0,0,0,1]",5,0.835030006,0.0003342103106,0.0003700515825,"forward=[0,0,0,1] | backward=[0,0,0,0]",249998,5000,0,1
2026-09-01T16:53:28,49.4249,4,4,2,0,6,2,0.828995976,5.415947095e-05,5.996762308e-05,"forward=[0,0,1,1] | backward=[0,0,0,0]",4,0.7569573915,0.0003061953705,0.0003390322736,"forward=[0,0,2,0] | backward=[0,0,0,0]",249999,5000,0,1
2026-09-01T16:54:11,85.6118,4,4,2,1,21,2,0.8812228307,5.303195696e-05,5.871919261e-05,"forward=[0,0,0,0] | backward=[0,0,1,1]",19,0.865060012,0.0003605482737,0.0003992140729,"forward=[0,0,0,1] | backward=[0,0,0,1]",250000,5000,0,1
2026-09-01T16:53:08,62.3311,4,4,3,0,10,3,0.862844827,5.582836004e-05,6.181548663e-05,"forward=[0,0,1,2] | backward=[0,0,0,0]",7,0.8404415766,0.0003608842461,0.0003995860755,"forward=[0,0,2,1] | backward=[0,0,0,0]",249998,5000,0,1
2026-09-01T16:54:25,120.72,4,4,3,1,56,3,0.9020429607,6.427396188e-05,7.116680892e-05,"forward=[0,0,0,0] | backward=[0,0,1,2]",53,0.8752694155,0.0003730766307,0.0004130859917,"forward=[0,0,0,1] | backward=[0,0,0,2]",249998,5000,0,1
2026-09-01T16:53:11,75.8777,4,4,4,0,15,4,0.8859880599,6.013267582e-05,6.658140442e-05,"forward=[0,1,1,2] | backward=[0,0,0,0]",11,0.8435994392,0.0003453379758,0.0003823725972,"forward=[0,0,3,1] | backward=[0,0,0,0]",249999,5000,0,1
2026-09-01T16:55:00,174.845,4,4,4,1,126,4,0.9118363841,7.116482712e-05,7.879666206e-05,"forward=[0,0,0,0] | backward=[0,0,1,3]",122,0.9118652285,0.0001413379183,0.0001564952328,"forward=[0,0,0,1] | backward=[0,0,1,2]",249996,61326,0.0002051836551,1
2026-09-01T16:52:05,89.9106,4,4,5,0,21,5,0.9032036416,6.529409829e-05,7.229634646e-05,"forward=[0,1,1,3] | backward=[0,0,0,0]",16,0.8746922,0.0003807045945,0.0004215319912,"forward=[0,0,3,2] | backward=[0,0,0,0]",250000,5000,0,1
2026-09-01T16:55:17,246.423,4,4,5,1,252,5,0.9208617047,7.647517431e-05,8.467649975e-05,"forward=[0,0,0,0] | backward=[0,1,1,3]",247,0.920779956,0.0005333889851,0.0005905905108,"forward=[0,0,0,1] | backward=[0,1,1,2]",249997,5000,0.0004963830562,1
2026-09-01T16:51:55,115.371,4,4,6,0,28,7,0.9130530166,7.004455532e-05,7.755625044e-05,"forward=[0,1,1,4] | backward=[0,0,0,0]",21,0.8752864,0.0003772780816,0.0004177380133,"forward=[0,0,4,2] | backward=[0,0,0,0]",249999,5000,0,1
2026-09-01T16:56:55,398.496,4,4,6,1,462,7,0.9268232005,8.148884769e-05,9.022784784e-05,"forward=[0,0,0,0] | backward=[0,1,1,4]",455,0.9266037623,0.0005642078915,0.0006247144882,"forward=[0,1,0,0] | backward=[0,0,1,4]",249997,5000,0.0003783121289,1
2026-09-01T16:52:05,129.309,4,4,7,0,36,8,0.9220493726,7.451768502e-05,8.250908604e-05,"forward=[0,1,2,4] | backward=[0,0,0,0]",28,0.8916495299,0.0004143746907,0.0004588129247,"forward=[0,0,4,3] | backward=[0,0,0,0]",249999,5000,0,1
2026-09-01T16:59:08,549.76,4,4,7,1,792,8,0.9314304189,8.542394221e-05,9.458494847e-05,"forward=[0,0,0,0] | backward=[0,1,1,5]",784,0.9315805164,0.0004883164152,0.0005406842832,"forward=[0,0,0,1] | backward=[0,1,1,4]",249998,7515,0.0006933847497,1
2026-09-01T16:52:24,155.336,4,4,8,0,45,10,0.9282647544,7.945756111e-05,8.797872269e-05,"forward=[0,1,2,5] | backward=[0,0,0,0]",35,0.8916281256,0.0004134729713,0.0004578145034,"forward=[0,0,5,3] | backward=[0,0,0,0]",249996,5000,0,1
2026-09-01T17:03:20,809.724,4,4,8,1,1287,10,0.9352846686,8.828357252e-05,9.77512503e-05,"forward=[0,0,0,0] | backward=[0,1,1,6]",1277,0.9356404661,0.0004278207501,0.000473700962,"forward=[0,0,0,1] | backward=[0,1,1,5]",249999,10128,0.0008474931881,1
2026-09-01T16:52:38,181.732,4,4,9,0,55,12,0.9329258831,8.314680369e-05,9.20636058e-05,"forward=[0,1,2,6] | backward=[0,0,0,0]",43,0.9012593112,0.0004420449292,0.0004894505658,"forward=[0,0,5,4] | backward=[0,0,0,0]",249999,5000,0,1
2026-09-01T17:09:09,1169.13,4,4,9,1,2002,12,0.9388109225,9.099614026e-05,0.0001007547183,"forward=[0,0,0,0] | backward=[0,1,2,6]",1990,0.9393087235,0.0006262147714,0.0006933710895,"forward=[0,0,1,1] | backward=[0,1,1,5]",250000,5000,0.001204298294,0
2026-09-01T17:01:11,462.85,5,4,10,0,286,23,0.9683112745,9.328912848e-05,0.0001032936105,"forward=[0,1,2,3,4] | backward=[0,0,0,0,0]",263,0.9681181635,0.0005328650405,0.0005900103776,"forward=[0,1,2,4,3] | backward=[0,0,0,0,0]",249999,6954,0.0003592484274,1
2026-09-01T22:02:36,18530.4,5,4,10,1,19448,23,0.9704895765,2.978133123e-05,3.297513094e-05,"forward=[0,0,0,0,0] | backward=[0,1,1,3,5]",19425,0.9712156863,0.0006712688018,0.0007432567895,"forward=[0,1,0,0,5] | backward=[0,0,1,3,0]",2749979,5000,0.001440552135,0
2026-09-01T17:05:10,46.1228,5,4,1,0,4,1,0.8311198619,6.213677422e-05,6.880042568e-05,"forward=[0,0,0,0,1] | backward=[0,0,0,0,0]",3,0.8173230646,0.0003945597592,0.0004368730069,"forward=[0,0,0,1,0] | backward=[0,0,0,0,0]",249997,5000,0,1
2026-09-01T17:06:27,75.7509,5,4,1,1,8,1,0.9110496204,6.291236224e-05,6.965918906e-05,"forward=[0,0,0,0,0] | backward=[0,0,0,0,1]",7,0.9047531012,0.0004189239904,0.0004638500989,"forward=[0,0,0,0,1] | backward=[0,0,0,0,0]",249999,5000,0,1
2026-09-01T17:04:24,63.5648,5,4,2,0,10,2,0.8913452695,6.400928019e-05,7.087374232e-05,"forward=[0,0,0,1,1] | backward=[0,0,0,0,0]",8,0.8425570228,0.0003676505587,0.0004070780188,"forward=[0,0,0,2,0] | backward=[0,0,0,0,0]",249999,5000,0,1
2026-09-01T17:05:36,114.386,5,4,2,1,36,2,0.9416639586,7.428386304e-05,8.22501886e-05,"forward=[0,0,0,0,0] | backward=[0,0,0,1,1]",34,0.9298970765,0.00053072841,0.0005876446112,"forward=[0,0,0,0,1] | backward=[0,0,0,0,1]",249997,5000,0,1
2026-09-01T17:03:41,81.452,5,4,3,0,20,3,0.9203618061,7.160223729e-05,7.928098083e-05,"forward=[0,0,0,1,2] | backward=[0,0,0,0,0]",17,0.9076876126,0.0004211972943,0.0004663671957,"forward=[0,0,0,2,1] | backward=[0,0,0,0,0]",249998,5000,0,1
2026-09-01T17:06:11,183.13,5,4,3,1,120,3,0.9527256185,7.785241828e-05,8.620144166e-05,"forward=[0,0,0,0,0] | backward=[0,0,1,1,1]",117,0.9378259652,0.0005864408176,0.0006493317105,"forward=[0,0,0,0,1] | backward=[0,0,0,0,2]",249997,5000,0,1
2026-09-01T17:03:07,115.995,5,4,4,0,35,5,0.9410804813,7.594661311e-05,8.409125477e-05,"forward=[0,0,1,1,2] | backward=[0,0,0,0,0]",30,0.9128343006,0.0004263397714,0.0004720611607,"forward=[0,0,0,3,1] | backward=[0,0,0,0,0]",249997,5000,0,1
2026-09-01T17:07:59,368.822,5,4,4,1,330,5,0.9591022252,8.863028156e-05,9.813514101e-05,"forward=[0,0,0,0,0] | backward=[0,0,1,1,2]",325,0.9597324395,0.0006133045527,0.0006790763575,"forward=[0,0,0,0,1] | backward=[0,0,1,1,1]",249999,5000,0.001303204493,0
2026-09-01T17:01:50,138.765,5,4,5,0,56,6,0.9505400145,8.573200642e-05,9.492605e-05,"forward=[0,0,1,1,3] | backward=[0,0,0,0,0]",50,0.9345623624,0.0005119139133,0.0005668124165,"forward=[0,0,0,3,2] | backward=[0,0,0,0,0]",249998,5000,0,1
2026-09-01T17:11:54,693.876,5,4,5,1,792,6,0.9624517105,6.327924716e-05,7.006541933e-05,"forward=[0,0,0,0,0] | backward=[0,0,1,2,2]",786,0.9626467881,0.0006282485468,0.0006956229704,"forward=[0,0,0,0,1] | backward=[0,0,1,2,1]",499996,5000,0.0008587551416,1
2026-09-01T17:02:19,191.062,5,4,6,0,84,9,0.9568833572,8.036186033e-05,8.898000047e-05,"forward=[0,1,1,2,2] | backward=[0,0,0,0,0]",75,0.9358013603,0.0005164976497,0.0005718877204,"forward=[0,0,0,4,2] | backward=[0,0,0,0,0]",249995,5000,0,1
2026-09-01T17:21:43,1353.5,5,4,6,1,1716,9,0.9647412866,5.410563789e-05,5.990801687e-05,"forward=[0,0,0,0,0] | backward=[0,0,1,2,3]",1707,0.965079816,0.0006494456712,0.0007190933098,"forward=[0,0,0,1,3] | backward=[0,0,1,1,0]",749993,5000,0.001026419802,0
2026-09-01T16:59:09,232.544,5,4,7,0,120,11,0.961812241,8.828707239e-05,9.775512551e-05,"forward=[0,1,1,2,3] | backward=[0,0,0,0,0]",109,0.9454821786,0.0005831337779,0.0006456700183,"forward=[0,0,0,4,3] | backward=[0,0,0,0,0]",249997,5000,0,1
2026-09-01T17:44:36,2861.31,5,4,7,1,3432,11,0.9665523465,3.806138579e-05,4.214315239e-05,"forward=[0,0,0,0,0] | backward=[0,1,1,2,3]",3421,0.9671012202,0.0006289830626,0.0006964362569,"forward=[0,1,0,1,1] | backward=[0,0,1,1,2]",1499987,5000,0.001219809949,0
2026-09-01T16:59:31,305.926,5,4,8,0,165,15,0.9645599645,8.960086282e-05,9.920980902e-05,"forward=[0,1,1,3,3] | backward=[0,0,0,0,0]",150,0.9458828594,0.0005791929739,0.0006413065959,"forward=[0,0,0,5,3] | backward=[0,0,0,0,0]",249999,5000,0,1
2026-09-01T18:34:15,5954.72,5,4,8,1,6435,15,0.9680368702,4.30032214e-05,4.76149587e-05,"forward=[0,0,0,0,0] | backward=[0,1,1,2,4]",6420,0.9687608565,0.0006723152541,0.000744415465,"forward=[0,0,0,0,1] | backward=[0,1,1,2,3]",1249983,5000,0.001443828761,0
2026-09-01T17:00:20,368.635,5,4,9,0,220,18,0.9667047285,9.38545363e-05,0.0001039196535,"forward=[0,1,1,3,4] | backward=[0,0,0,0,0]",202,0.9510186037,0.0006238023923,0.0006907000029,"forward=[0,0,0,5,4] | backward=[0,0,0,0,0]",249999,5000,0,1
2026-09-01T19:42:06,10074,5,4,9,1,11440,18,0.9693408971,3.205895884e-05,3.549701514e-05,"forward=[0,0,0,0,0] | backward=[0,1,1,3,4]",11422,0.9698823765,0.0006704495094,0.0007423496347,"forward=[0,0,0,2,1] | backward=[0,1,1,1,3]",2249970,5000,0.001251052968,0
